"Date","Source","Site ID","POC","Daily Max 1-hour NO2 Concentration","UNITS","DAILY_AQI_VALUE","Site Name","DAILY_OBS_COUNT","PERCENT_COMPLETE","AQS_PARAMETER_CODE","AQS_PARAMETER_DESC","CBSA_CODE","CBSA_NAME","STATE_CODE","STATE","COUNTY_CODE","COUNTY","SITE_LATITUDE","SITE_LONGITUDE"
"01/01/1994","AQS","060811001","1","47","ppb","44","Redwood City","24","100.0000","42602","Nitrogen dioxide (NO2)","41860","San Francisco-Oakland-Hayward, CA","06","California","081","San Mateo","37.482934","-122.20337"
"01/02/1994","AQS","060811001","1","32","ppb","30","Redwood City","24","100.0000","42602","Nitrogen dioxide (NO2)","41860","San Francisco-Oakland-Hayward, CA","06","California","081","San Mateo","37.482934","-122.20337"
"01/03/1994","AQS","060811001","1","31","ppb","29","Redwood City","24","100.0000","42602","Nitrogen dioxide (NO2)","41860","San Francisco-Oakland-Hayward, CA","06","California","081","San Mateo","37.482934","-122.20337"
"01/04/1994","AQS","060811001","1","50","ppb","47","Redwood City","23","96.0000","42602","Nitrogen dioxide (NO2)","41860","San Francisco-Oakland-Hayward, CA","06","California","081","San Mateo","37.482934","-122.20337"
"01/05/1994","AQS","060811001","1","40","ppb","38","Redwood City","24","100.0000","42602","Nitrogen dioxide (NO2)","41860","San Francisco-Oakland-Hayward, CA","06","California","081","San Mateo","37.482934","-122.20337"
"01/06/1994","AQS","060811001","1","45","ppb","42","Redwood City","24","100.0000","42602","Nitrogen dioxide (NO2)","41860","San Francisco-Oakland-Hayward, CA","06","California","081","San Mateo","37.482934","-122.20337"
"01/07/1994","AQS","060811001","1","44","ppb","42","Redwood City","24","100.0000","42602","Nitrogen dioxide (NO2)","41860","San Francisco-Oakland-Hayward, CA","06","California","081","San Mateo","37.482934","-122.20337"
"01/08/1994","AQS","060811001","1","50","ppb","47","Redwood City","24","100.0000","42602","Nitrogen dioxide (NO2)","41860","San Francisco-Oakland-Hayward, CA","06","California","081","San Mateo","37.482934","-122.20337"
"01/09/1994","AQS","060811001","1","37","ppb","35","Redwood City","24","100.0000","42602","Nitrogen dioxide (NO2)","41860","San Francisco-Oakland-Hayward, CA","06","California","081","San Mateo","37.482934","-122.20337"
"01/10/1994","AQS","060811001","1","42","ppb","40","Redwood City","24","100.0000","42602","Nitrogen dioxide (NO2)","41860","San Francisco-Oakland-Hayward, CA","06","California","081","San Mateo","37.482934","-122.20337"
"01/11/1994","AQS","060811001","1","50","ppb","47","Redwood City","23","96.0000","42602","Nitrogen dioxide (NO2)","41860","San Francisco-Oakland-Hayward, CA","06","California","081","San Mateo","37.482934","-122.20337"
"01/12/1994","AQS","060811001","1","60","ppb","57","Redwood City","24","100.0000","42602","Nitrogen dioxide (NO2)","41860","San Francisco-Oakland-Hayward, CA","06","California","081","San Mateo","37.482934","-122.20337"
"01/13/1994","AQS","060811001","1","58","ppb","55","Redwood City","24","100.0000","42602","Nitrogen dioxide (NO2)","41860","San Francisco-Oakland-Hayward, CA","06","California","081","San Mateo","37.482934","-122.20337"
"01/14/1994","AQS","060811001","1","70","ppb","68","Redwood City","22","92.0000","42602","Nitrogen dioxide (NO2)","41860","San Francisco-Oakland-Hayward, CA","06","California","081","San Mateo","37.482934","-122.20337"
"01/15/1994","AQS","060811001","1","80","ppb","79","Redwood City","24","100.0000","42602","Nitrogen dioxide (NO2)","41860","San Francisco-Oakland-Hayward, CA","06","California","081","San Mateo","37.482934","-122.20337"
"01/16/1994","AQS","060811001","1","60","ppb","57","Redwood City","24","100.0000","42602","Nitrogen dioxide (NO2)","41860","San Francisco-Oakland-Hayward, CA","06","California","081","San Mateo","37.482934","-122.20337"
"01/17/1994","AQS","060811001","1","73","ppb","71","Redwood City","24","100.0000","42602","Nitrogen dioxide (NO2)","41860","San Francisco-Oakland-Hayward, CA","06","California","081","San Mateo","37.482934","-122.20337"
"01/18/1994","AQS","060811001","1","90","ppb","89","Redwood City","24","100.0000","42602","Nitrogen dioxide (NO2)","41860","San Francisco-Oakland-Hayward, CA","06","California","081","San Mateo","37.482934","-122.20337"
"01/19/1994","AQS","060811001","1","89","ppb","88","Redwood City","23","96.0000","42602","Nitrogen dioxide (NO2)","41860","San Francisco-Oakland-Hayward, CA","06","California","081","San Mateo","37.482934","-122.20337"
"01/20/1994","AQS","060811001","1","61","ppb","58","Redwood City","24","100.0000","42602","Nitrogen dioxide (NO2)","41860","San Francisco-Oakland-Hayward, CA","06","California","081","San Mateo","37.482934","-122.20337"
"01/21/1994","AQS","060811001","1","73","ppb","71","Redwood City","24","100.0000","42602","Nitrogen dioxide (NO2)","41860","San Francisco-Oakland-Hayward, CA","06","California","081","San Mateo","37.482934","-122.20337"
"01/22/1994","AQS","060811001","1","50","ppb","47","Redwood City","24","100.0000","42602","Nitrogen dioxide (NO2)","41860","San Francisco-Oakland-Hayward, CA","06","California","081","San Mateo","37.482934","-122.20337"
"01/23/1994","AQS","060811001","1","14","ppb","13","Redwood City","24","100.0000","42602","Nitrogen dioxide (NO2)","41860","San Francisco-Oakland-Hayward, CA","06","California","081","San Mateo","37.482934","-122.20337"
"01/24/1994","AQS","060811001","1","35","ppb","33","Redwood City","24","100.0000","42602","Nitrogen dioxide (NO2)","41860","San Francisco-Oakland-Hayward, CA","06","California","081","San Mateo","37.482934","-122.20337"
"01/25/1994","AQS","060811001","1","32","ppb","30","Redwood City","24","100.0000","42602","Nitrogen dioxide (NO2)","41860","San Francisco-Oakland-Hayward, CA","06","California","081","San Mateo","37.482934","-122.20337"
"01/26/1994","AQS","060811001","1","33","ppb","31","Redwood City","22","92.0000","42602","Nitrogen dioxide (NO2)","41860","San Francisco-Oakland-Hayward, CA","06","California","081","San Mateo","37.482934","-122.20337"
"01/27/1994","AQS","060811001","1","36","ppb","34","Redwood City","23","96.0000","42602","Nitrogen dioxide (NO2)","41860","San Francisco-Oakland-Hayward, CA","06","California","081","San Mateo","37.482934","-122.20337"
"01/28/1994","AQS","060811001","1","39","ppb","37","Redwood City","24","100.0000","42602","Nitrogen dioxide (NO2)","41860","San Francisco-Oakland-Hayward, CA","06","California","081","San Mateo","37.482934","-122.20337"
"01/29/1994","AQS","060811001","1","38","ppb","36","Redwood City","24","100.0000","42602","Nitrogen dioxide (NO2)","41860","San Francisco-Oakland-Hayward, CA","06","California","081","San Mateo","37.482934","-122.20337"
"01/30/1994","AQS","060811001","1","47","ppb","44","Redwood City","24","100.0000","42602","Nitrogen dioxide (NO2)","41860","San Francisco-Oakland-Hayward, CA","06","California","081","San Mateo","37.482934","-122.20337"
"01/31/1994","AQS","060811001","1","58","ppb","55","Redwood City","24","100.0000","42602","Nitrogen dioxide (NO2)","41860","San Francisco-Oakland-Hayward, CA","06","California","081","San Mateo","37.482934","-122.20337"
"02/01/1994","AQS","060811001","1","53","ppb","50","Redwood City","23","96.0000","42602","Nitrogen dioxide (NO2)","41860","San Francisco-Oakland-Hayward, CA","06","California","081","San Mateo","37.482934","-122.20337"
"02/02/1994","AQS","060811001","1","53","ppb","50","Redwood City","24","100.0000","42602","Nitrogen dioxide (NO2)","41860","San Francisco-Oakland-Hayward, CA","06","California","081","San Mateo","37.482934","-122.20337"
"02/03/1994","AQS","060811001","1","58","ppb","55","Redwood City","24","100.0000","42602","Nitrogen dioxide (NO2)","41860","San Francisco-Oakland-Hayward, CA","06","California","081","San Mateo","37.482934","-122.20337"
"02/04/1994","AQS","060811001","1","66","ppb","64","Redwood City","24","100.0000","42602","Nitrogen dioxide (NO2)","41860","San Francisco-Oakland-Hayward, CA","06","California","081","San Mateo","37.482934","-122.20337"
"02/05/1994","AQS","060811001","1","58","ppb","55","Redwood City","24","100.0000","42602","Nitrogen dioxide (NO2)","41860","San Francisco-Oakland-Hayward, CA","06","California","081","San Mateo","37.482934","-122.20337"
"02/06/1994","AQS","060811001","1","44","ppb","42","Redwood City","24","100.0000","42602","Nitrogen dioxide (NO2)","41860","San Francisco-Oakland-Hayward, CA","06","California","081","San Mateo","37.482934","-122.20337"
"02/07/1994","AQS","060811001","1","37","ppb","35","Redwood City","24","100.0000","42602","Nitrogen dioxide (NO2)","41860","San Francisco-Oakland-Hayward, CA","06","California","081","San Mateo","37.482934","-122.20337"
"02/08/1994","AQS","060811001","1","36","ppb","34","Redwood City","23","96.0000","42602","Nitrogen dioxide (NO2)","41860","San Francisco-Oakland-Hayward, CA","06","California","081","San Mateo","37.482934","-122.20337"
"02/09/1994","AQS","060811001","1","39","ppb","37","Redwood City","24","100.0000","42602","Nitrogen dioxide (NO2)","41860","San Francisco-Oakland-Hayward, CA","06","California","081","San Mateo","37.482934","-122.20337"
"02/10/1994","AQS","060811001","1","21","ppb","20","Redwood City","23","96.0000","42602","Nitrogen dioxide (NO2)","41860","San Francisco-Oakland-Hayward, CA","06","California","081","San Mateo","37.482934","-122.20337"
"02/11/1994","AQS","060811001","1","40","ppb","38","Redwood City","24","100.0000","42602","Nitrogen dioxide (NO2)","41860","San Francisco-Oakland-Hayward, CA","06","California","081","San Mateo","37.482934","-122.20337"
"02/12/1994","AQS","060811001","1","43","ppb","41","Redwood City","24","100.0000","42602","Nitrogen dioxide (NO2)","41860","San Francisco-Oakland-Hayward, CA","06","California","081","San Mateo","37.482934","-122.20337"
"02/13/1994","AQS","060811001","1","50","ppb","47","Redwood City","24","100.0000","42602","Nitrogen dioxide (NO2)","41860","San Francisco-Oakland-Hayward, CA","06","California","081","San Mateo","37.482934","-122.20337"
"02/14/1994","AQS","060811001","1","44","ppb","42","Redwood City","24","100.0000","42602","Nitrogen dioxide (NO2)","41860","San Francisco-Oakland-Hayward, CA","06","California","081","San Mateo","37.482934","-122.20337"
"02/15/1994","AQS","060811001","1","60","ppb","57","Redwood City","23","96.0000","42602","Nitrogen dioxide (NO2)","41860","San Francisco-Oakland-Hayward, CA","06","California","081","San Mateo","37.482934","-122.20337"
"02/16/1994","AQS","060811001","1","45","ppb","42","Redwood City","23","96.0000","42602","Nitrogen dioxide (NO2)","41860","San Francisco-Oakland-Hayward, CA","06","California","081","San Mateo","37.482934","-122.20337"
"02/17/1994","AQS","060811001","1","22","ppb","21","Redwood City","24","100.0000","42602","Nitrogen dioxide (NO2)","41860","San Francisco-Oakland-Hayward, CA","06","California","081","San Mateo","37.482934","-122.20337"
"02/18/1994","AQS","060811001","1","36","ppb","34","Redwood City","24","100.0000","42602","Nitrogen dioxide (NO2)","41860","San Francisco-Oakland-Hayward, CA","06","California","081","San Mateo","37.482934","-122.20337"
"02/19/1994","AQS","060811001","1","27","ppb","25","Redwood City","24","100.0000","42602","Nitrogen dioxide (NO2)","41860","San Francisco-Oakland-Hayward, CA","06","California","081","San Mateo","37.482934","-122.20337"
"02/20/1994","AQS","060811001","1","38","ppb","36","Redwood City","24","100.0000","42602","Nitrogen dioxide (NO2)","41860","San Francisco-Oakland-Hayward, CA","06","California","081","San Mateo","37.482934","-122.20337"
"02/21/1994","AQS","060811001","1","31","ppb","29","Redwood City","24","100.0000","42602","Nitrogen dioxide (NO2)","41860","San Francisco-Oakland-Hayward, CA","06","California","081","San Mateo","37.482934","-122.20337"
"02/22/1994","AQS","060811001","1","40","ppb","38","Redwood City","24","100.0000","42602","Nitrogen dioxide (NO2)","41860","San Francisco-Oakland-Hayward, CA","06","California","081","San Mateo","37.482934","-122.20337"
"02/23/1994","AQS","060811001","1","48","ppb","45","Redwood City","24","100.0000","42602","Nitrogen dioxide (NO2)","41860","San Francisco-Oakland-Hayward, CA","06","California","081","San Mateo","37.482934","-122.20337"
"02/24/1994","AQS","060811001","1","43","ppb","41","Redwood City","24","100.0000","42602","Nitrogen dioxide (NO2)","41860","San Francisco-Oakland-Hayward, CA","06","California","081","San Mateo","37.482934","-122.20337"
"02/25/1994","AQS","060811001","1","32","ppb","30","Redwood City","23","96.0000","42602","Nitrogen dioxide (NO2)","41860","San Francisco-Oakland-Hayward, CA","06","California","081","San Mateo","37.482934","-122.20337"
"02/26/1994","AQS","060811001","1","31","ppb","29","Redwood City","24","100.0000","42602","Nitrogen dioxide (NO2)","41860","San Francisco-Oakland-Hayward, CA","06","California","081","San Mateo","37.482934","-122.20337"
"02/27/1994","AQS","060811001","1","33","ppb","31","Redwood City","24","100.0000","42602","Nitrogen dioxide (NO2)","41860","San Francisco-Oakland-Hayward, CA","06","California","081","San Mateo","37.482934","-122.20337"
"02/28/1994","AQS","060811001","1","42","ppb","40","Redwood City","24","100.0000","42602","Nitrogen dioxide (NO2)","41860","San Francisco-Oakland-Hayward, CA","06","California","081","San Mateo","37.482934","-122.20337"
"03/01/1994","AQS","060811001","1","59","ppb","56","Redwood City","24","100.0000","42602","Nitrogen dioxide (NO2)","41860","San Francisco-Oakland-Hayward, CA","06","California","081","San Mateo","37.482934","-122.20337"
"03/02/1994","AQS","060811001","1","77","ppb","76","Redwood City","23","96.0000","42602","Nitrogen dioxide (NO2)","41860","San Francisco-Oakland-Hayward, CA","06","California","081","San Mateo","37.482934","-122.20337"
"03/03/1994","AQS","060811001","1","38","ppb","36","Redwood City","24","100.0000","42602","Nitrogen dioxide (NO2)","41860","San Francisco-Oakland-Hayward, CA","06","California","081","San Mateo","37.482934","-122.20337"
"03/04/1994","AQS","060811001","1","25","ppb","24","Redwood City","20","83.0000","42602","Nitrogen dioxide (NO2)","41860","San Francisco-Oakland-Hayward, CA","06","California","081","San Mateo","37.482934","-122.20337"
"03/09/1994","AQS","060811001","1","38","ppb","36","Redwood City","22","92.0000","42602","Nitrogen dioxide (NO2)","41860","San Francisco-Oakland-Hayward, CA","06","California","081","San Mateo","37.482934","-122.20337"
"03/10/1994","AQS","060811001","1","33","ppb","31","Redwood City","19","79.0000","42602","Nitrogen dioxide (NO2)","41860","San Francisco-Oakland-Hayward, CA","06","California","081","San Mateo","37.482934","-122.20337"
"03/12/1994","AQS","060811001","1","51","ppb","48","Redwood City","24","100.0000","42602","Nitrogen dioxide (NO2)","41860","San Francisco-Oakland-Hayward, CA","06","California","081","San Mateo","37.482934","-122.20337"
"03/13/1994","AQS","060811001","1","58","ppb","55","Redwood City","24","100.0000","42602","Nitrogen dioxide (NO2)","41860","San Francisco-Oakland-Hayward, CA","06","California","081","San Mateo","37.482934","-122.20337"
"03/14/1994","AQS","060811001","1","47","ppb","44","Redwood City","22","92.0000","42602","Nitrogen dioxide (NO2)","41860","San Francisco-Oakland-Hayward, CA","06","California","081","San Mateo","37.482934","-122.20337"
"03/15/1994","AQS","060811001","1","45","ppb","42","Redwood City","21","88.0000","42602","Nitrogen dioxide (NO2)","41860","San Francisco-Oakland-Hayward, CA","06","California","081","San Mateo","37.482934","-122.20337"
"03/16/1994","AQS","060811001","1","36","ppb","34","Redwood City","23","96.0000","42602","Nitrogen dioxide (NO2)","41860","San Francisco-Oakland-Hayward, CA","06","California","081","San Mateo","37.482934","-122.20337"
"03/17/1994","AQS","060811001","1","43","ppb","41","Redwood City","24","100.0000","42602","Nitrogen dioxide (NO2)","41860","San Francisco-Oakland-Hayward, CA","06","California","081","San Mateo","37.482934","-122.20337"
"03/18/1994","AQS","060811001","1","35","ppb","33","Redwood City","24","100.0000","42602","Nitrogen dioxide (NO2)","41860","San Francisco-Oakland-Hayward, CA","06","California","081","San Mateo","37.482934","-122.20337"
"03/19/1994","AQS","060811001","1","32","ppb","30","Redwood City","24","100.0000","42602","Nitrogen dioxide (NO2)","41860","San Francisco-Oakland-Hayward, CA","06","California","081","San Mateo","37.482934","-122.20337"
"03/20/1994","AQS","060811001","1","25","ppb","24","Redwood City","24","100.0000","42602","Nitrogen dioxide (NO2)","41860","San Francisco-Oakland-Hayward, CA","06","California","081","San Mateo","37.482934","-122.20337"
"03/21/1994","AQS","060811001","1","32","ppb","30","Redwood City","24","100.0000","42602","Nitrogen dioxide (NO2)","41860","San Francisco-Oakland-Hayward, CA","06","California","081","San Mateo","37.482934","-122.20337"
"03/22/1994","AQS","060811001","1","32","ppb","30","Redwood City","23","96.0000","42602","Nitrogen dioxide (NO2)","41860","San Francisco-Oakland-Hayward, CA","06","California","081","San Mateo","37.482934","-122.20337"
"03/23/1994","AQS","060811001","1","40","ppb","38","Redwood City","24","100.0000","42602","Nitrogen dioxide (NO2)","41860","San Francisco-Oakland-Hayward, CA","06","California","081","San Mateo","37.482934","-122.20337"
"03/24/1994","AQS","060811001","1","31","ppb","29","Redwood City","23","96.0000","42602","Nitrogen dioxide (NO2)","41860","San Francisco-Oakland-Hayward, CA","06","California","081","San Mateo","37.482934","-122.20337"
"03/25/1994","AQS","060811001","1","29","ppb","27","Redwood City","24","100.0000","42602","Nitrogen dioxide (NO2)","41860","San Francisco-Oakland-Hayward, CA","06","California","081","San Mateo","37.482934","-122.20337"
"03/26/1994","AQS","060811001","1","33","ppb","31","Redwood City","24","100.0000","42602","Nitrogen dioxide (NO2)","41860","San Francisco-Oakland-Hayward, CA","06","California","081","San Mateo","37.482934","-122.20337"
"03/27/1994","AQS","060811001","1","45","ppb","42","Redwood City","24","100.0000","42602","Nitrogen dioxide (NO2)","41860","San Francisco-Oakland-Hayward, CA","06","California","081","San Mateo","37.482934","-122.20337"
"03/28/1994","AQS","060811001","1","46","ppb","43","Redwood City","22","92.0000","42602","Nitrogen dioxide (NO2)","41860","San Francisco-Oakland-Hayward, CA","06","California","081","San Mateo","37.482934","-122.20337"
"03/29/1994","AQS","060811001","1","36","ppb","34","Redwood City","23","96.0000","42602","Nitrogen dioxide (NO2)","41860","San Francisco-Oakland-Hayward, CA","06","California","081","San Mateo","37.482934","-122.20337"
"03/30/1994","AQS","060811001","1","23","ppb","22","Redwood City","24","100.0000","42602","Nitrogen dioxide (NO2)","41860","San Francisco-Oakland-Hayward, CA","06","California","081","San Mateo","37.482934","-122.20337"
"03/31/1994","AQS","060811001","1","39","ppb","37","Redwood City","24","100.0000","42602","Nitrogen dioxide (NO2)","41860","San Francisco-Oakland-Hayward, CA","06","California","081","San Mateo","37.482934","-122.20337"
"04/01/1994","AQS","060811001","1","34","ppb","32","Redwood City","24","100.0000","42602","Nitrogen dioxide (NO2)","41860","San Francisco-Oakland-Hayward, CA","06","California","081","San Mateo","37.482934","-122.20337"
"04/02/1994","AQS","060811001","1","29","ppb","27","Redwood City","24","100.0000","42602","Nitrogen dioxide (NO2)","41860","San Francisco-Oakland-Hayward, CA","06","California","081","San Mateo","37.482934","-122.20337"
"04/03/1994","AQS","060811001","1","25","ppb","24","Redwood City","24","100.0000","42602","Nitrogen dioxide (NO2)","41860","San Francisco-Oakland-Hayward, CA","06","California","081","San Mateo","37.482934","-122.20337"
"04/04/1994","AQS","060811001","1","37","ppb","35","Redwood City","24","100.0000","42602","Nitrogen dioxide (NO2)","41860","San Francisco-Oakland-Hayward, CA","06","California","081","San Mateo","37.482934","-122.20337"
"04/05/1994","AQS","060811001","1","43","ppb","41","Redwood City","23","96.0000","42602","Nitrogen dioxide (NO2)","41860","San Francisco-Oakland-Hayward, CA","06","California","081","San Mateo","37.482934","-122.20337"
"04/06/1994","AQS","060811001","1","34","ppb","32","Redwood City","24","100.0000","42602","Nitrogen dioxide (NO2)","41860","San Francisco-Oakland-Hayward, CA","06","California","081","San Mateo","37.482934","-122.20337"
"04/07/1994","AQS","060811001","1","28","ppb","26","Redwood City","24","100.0000","42602","Nitrogen dioxide (NO2)","41860","San Francisco-Oakland-Hayward, CA","06","California","081","San Mateo","37.482934","-122.20337"
"04/08/1994","AQS","060811001","1","25","ppb","24","Redwood City","23","96.0000","42602","Nitrogen dioxide (NO2)","41860","San Francisco-Oakland-Hayward, CA","06","California","081","San Mateo","37.482934","-122.20337"
"04/09/1994","AQS","060811001","1","29","ppb","27","Redwood City","24","100.0000","42602","Nitrogen dioxide (NO2)","41860","San Francisco-Oakland-Hayward, CA","06","California","081","San Mateo","37.482934","-122.20337"
"04/10/1994","AQS","060811001","1","31","ppb","29","Redwood City","24","100.0000","42602","Nitrogen dioxide (NO2)","41860","San Francisco-Oakland-Hayward, CA","06","California","081","San Mateo","37.482934","-122.20337"
"04/11/1994","AQS","060811001","1","52","ppb","49","Redwood City","24","100.0000","42602","Nitrogen dioxide (NO2)","41860","San Francisco-Oakland-Hayward, CA","06","California","081","San Mateo","37.482934","-122.20337"
"04/12/1994","AQS","060811001","1","42","ppb","40","Redwood City","23","96.0000","42602","Nitrogen dioxide (NO2)","41860","San Francisco-Oakland-Hayward, CA","06","California","081","San Mateo","37.482934","-122.20337"
"04/13/1994","AQS","060811001","1","32","ppb","30","Redwood City","24","100.0000","42602","Nitrogen dioxide (NO2)","41860","San Francisco-Oakland-Hayward, CA","06","California","081","San Mateo","37.482934","-122.20337"
"04/14/1994","AQS","060811001","1","39","ppb","37","Redwood City","24","100.0000","42602","Nitrogen dioxide (NO2)","41860","San Francisco-Oakland-Hayward, CA","06","California","081","San Mateo","37.482934","-122.20337"
"04/15/1994","AQS","060811001","1","38","ppb","36","Redwood City","24","100.0000","42602","Nitrogen dioxide (NO2)","41860","San Francisco-Oakland-Hayward, CA","06","California","081","San Mateo","37.482934","-122.20337"
"04/16/1994","AQS","060811001","1","18","ppb","17","Redwood City","24","100.0000","42602","Nitrogen dioxide (NO2)","41860","San Francisco-Oakland-Hayward, CA","06","California","081","San Mateo","37.482934","-122.20337"
"04/17/1994","AQS","060811001","1","24","ppb","23","Redwood City","24","100.0000","42602","Nitrogen dioxide (NO2)","41860","San Francisco-Oakland-Hayward, CA","06","California","081","San Mateo","37.482934","-122.20337"
"04/18/1994","AQS","060811001","1","24","ppb","23","Redwood City","24","100.0000","42602","Nitrogen dioxide (NO2)","41860","San Francisco-Oakland-Hayward, CA","06","California","081","San Mateo","37.482934","-122.20337"
"04/19/1994","AQS","060811001","1","24","ppb","23","Redwood City","24","100.0000","42602","Nitrogen dioxide (NO2)","41860","San Francisco-Oakland-Hayward, CA","06","California","081","San Mateo","37.482934","-122.20337"
"04/20/1994","AQS","060811001","1","25","ppb","24","Redwood City","23","96.0000","42602","Nitrogen dioxide (NO2)","41860","San Francisco-Oakland-Hayward, CA","06","California","081","San Mateo","37.482934","-122.20337"
"04/21/1994","AQS","060811001","1","28","ppb","26","Redwood City","24","100.0000","42602","Nitrogen dioxide (NO2)","41860","San Francisco-Oakland-Hayward, CA","06","California","081","San Mateo","37.482934","-122.20337"
"04/22/1994","AQS","060811001","1","19","ppb","18","Redwood City","23","96.0000","42602","Nitrogen dioxide (NO2)","41860","San Francisco-Oakland-Hayward, CA","06","California","081","San Mateo","37.482934","-122.20337"
"04/23/1994","AQS","060811001","1","22","ppb","21","Redwood City","24","100.0000","42602","Nitrogen dioxide (NO2)","41860","San Francisco-Oakland-Hayward, CA","06","California","081","San Mateo","37.482934","-122.20337"
"04/24/1994","AQS","060811001","1","15","ppb","14","Redwood City","24","100.0000","42602","Nitrogen dioxide (NO2)","41860","San Francisco-Oakland-Hayward, CA","06","California","081","San Mateo","37.482934","-122.20337"
"04/25/1994","AQS","060811001","1","20","ppb","19","Redwood City","24","100.0000","42602","Nitrogen dioxide (NO2)","41860","San Francisco-Oakland-Hayward, CA","06","California","081","San Mateo","37.482934","-122.20337"
"04/26/1994","AQS","060811001","1","29","ppb","27","Redwood City","24","100.0000","42602","Nitrogen dioxide (NO2)","41860","San Francisco-Oakland-Hayward, CA","06","California","081","San Mateo","37.482934","-122.20337"
"04/27/1994","AQS","060811001","1","33","ppb","31","Redwood City","24","100.0000","42602","Nitrogen dioxide (NO2)","41860","San Francisco-Oakland-Hayward, CA","06","California","081","San Mateo","37.482934","-122.20337"
"04/28/1994","AQS","060811001","1","39","ppb","37","Redwood City","24","100.0000","42602","Nitrogen dioxide (NO2)","41860","San Francisco-Oakland-Hayward, CA","06","California","081","San Mateo","37.482934","-122.20337"
"04/29/1994","AQS","060811001","1","18","ppb","17","Redwood City","24","100.0000","42602","Nitrogen dioxide (NO2)","41860","San Francisco-Oakland-Hayward, CA","06","California","081","San Mateo","37.482934","-122.20337"
"04/30/1994","AQS","060811001","1","31","ppb","29","Redwood City","24","100.0000","42602","Nitrogen dioxide (NO2)","41860","San Francisco-Oakland-Hayward, CA","06","California","081","San Mateo","37.482934","-122.20337"
"05/01/1994","AQS","060811001","1","30","ppb","28","Redwood City","24","100.0000","42602","Nitrogen dioxide (NO2)","41860","San Francisco-Oakland-Hayward, CA","06","California","081","San Mateo","37.482934","-122.20337"
"05/02/1994","AQS","060811001","1","31","ppb","29","Redwood City","24","100.0000","42602","Nitrogen dioxide (NO2)","41860","San Francisco-Oakland-Hayward, CA","06","California","081","San Mateo","37.482934","-122.20337"
"05/03/1994","AQS","060811001","1","20","ppb","19","Redwood City","23","96.0000","42602","Nitrogen dioxide (NO2)","41860","San Francisco-Oakland-Hayward, CA","06","California","081","San Mateo","37.482934","-122.20337"
"05/04/1994","AQS","060811001","1","24","ppb","23","Redwood City","24","100.0000","42602","Nitrogen dioxide (NO2)","41860","San Francisco-Oakland-Hayward, CA","06","California","081","San Mateo","37.482934","-122.20337"
"05/05/1994","AQS","060811001","1","29","ppb","27","Redwood City","23","96.0000","42602","Nitrogen dioxide (NO2)","41860","San Francisco-Oakland-Hayward, CA","06","California","081","San Mateo","37.482934","-122.20337"
"05/06/1994","AQS","060811001","1","31","ppb","29","Redwood City","24","100.0000","42602","Nitrogen dioxide (NO2)","41860","San Francisco-Oakland-Hayward, CA","06","California","081","San Mateo","37.482934","-122.20337"
"05/07/1994","AQS","060811001","1","24","ppb","23","Redwood City","24","100.0000","42602","Nitrogen dioxide (NO2)","41860","San Francisco-Oakland-Hayward, CA","06","California","081","San Mateo","37.482934","-122.20337"
"05/08/1994","AQS","060811001","1","11","ppb","10","Redwood City","22","92.0000","42602","Nitrogen dioxide (NO2)","41860","San Francisco-Oakland-Hayward, CA","06","California","081","San Mateo","37.482934","-122.20337"
"05/09/1994","AQS","060811001","1","25","ppb","24","Redwood City","24","100.0000","42602","Nitrogen dioxide (NO2)","41860","San Francisco-Oakland-Hayward, CA","06","California","081","San Mateo","37.482934","-122.20337"
"05/10/1994","AQS","060811001","1","21","ppb","20","Redwood City","24","100.0000","42602","Nitrogen dioxide (NO2)","41860","San Francisco-Oakland-Hayward, CA","06","California","081","San Mateo","37.482934","-122.20337"
"05/11/1994","AQS","060811001","1","26","ppb","25","Redwood City","23","96.0000","42602","Nitrogen dioxide (NO2)","41860","San Francisco-Oakland-Hayward, CA","06","California","081","San Mateo","37.482934","-122.20337"
"05/12/1994","AQS","060811001","1","37","ppb","35","Redwood City","24","100.0000","42602","Nitrogen dioxide (NO2)","41860","San Francisco-Oakland-Hayward, CA","06","California","081","San Mateo","37.482934","-122.20337"
"05/13/1994","AQS","060811001","1","38","ppb","36","Redwood City","24","100.0000","42602","Nitrogen dioxide (NO2)","41860","San Francisco-Oakland-Hayward, CA","06","California","081","San Mateo","37.482934","-122.20337"
"05/14/1994","AQS","060811001","1","19","ppb","18","Redwood City","24","100.0000","42602","Nitrogen dioxide (NO2)","41860","San Francisco-Oakland-Hayward, CA","06","California","081","San Mateo","37.482934","-122.20337"
"05/15/1994","AQS","060811001","1","9","ppb","8","Redwood City","24","100.0000","42602","Nitrogen dioxide (NO2)","41860","San Francisco-Oakland-Hayward, CA","06","California","081","San Mateo","37.482934","-122.20337"
"05/16/1994","AQS","060811001","1","13","ppb","12","Redwood City","24","100.0000","42602","Nitrogen dioxide (NO2)","41860","San Francisco-Oakland-Hayward, CA","06","California","081","San Mateo","37.482934","-122.20337"
"05/17/1994","AQS","060811001","1","23","ppb","22","Redwood City","23","96.0000","42602","Nitrogen dioxide (NO2)","41860","San Francisco-Oakland-Hayward, CA","06","California","081","San Mateo","37.482934","-122.20337"
"05/18/1994","AQS","060811001","1","21","ppb","20","Redwood City","24","100.0000","42602","Nitrogen dioxide (NO2)","41860","San Francisco-Oakland-Hayward, CA","06","California","081","San Mateo","37.482934","-122.20337"
"05/19/1994","AQS","060811001","1","21","ppb","20","Redwood City","23","96.0000","42602","Nitrogen dioxide (NO2)","41860","San Francisco-Oakland-Hayward, CA","06","California","081","San Mateo","37.482934","-122.20337"
"05/20/1994","AQS","060811001","1","22","ppb","21","Redwood City","24","100.0000","42602","Nitrogen dioxide (NO2)","41860","San Francisco-Oakland-Hayward, CA","06","California","081","San Mateo","37.482934","-122.20337"
"05/21/1994","AQS","060811001","1","18","ppb","17","Redwood City","24","100.0000","42602","Nitrogen dioxide (NO2)","41860","San Francisco-Oakland-Hayward, CA","06","California","081","San Mateo","37.482934","-122.20337"
"05/22/1994","AQS","060811001","1","29","ppb","27","Redwood City","24","100.0000","42602","Nitrogen dioxide (NO2)","41860","San Francisco-Oakland-Hayward, CA","06","California","081","San Mateo","37.482934","-122.20337"
"05/23/1994","AQS","060811001","1","29","ppb","27","Redwood City","24","100.0000","42602","Nitrogen dioxide (NO2)","41860","San Francisco-Oakland-Hayward, CA","06","California","081","San Mateo","37.482934","-122.20337"
"05/24/1994","AQS","060811001","1","25","ppb","24","Redwood City","23","96.0000","42602","Nitrogen dioxide (NO2)","41860","San Francisco-Oakland-Hayward, CA","06","California","081","San Mateo","37.482934","-122.20337"
"05/25/1994","AQS","060811001","1","19","ppb","18","Redwood City","24","100.0000","42602","Nitrogen dioxide (NO2)","41860","San Francisco-Oakland-Hayward, CA","06","California","081","San Mateo","37.482934","-122.20337"
"05/26/1994","AQS","060811001","1","16","ppb","15","Redwood City","24","100.0000","42602","Nitrogen dioxide (NO2)","41860","San Francisco-Oakland-Hayward, CA","06","California","081","San Mateo","37.482934","-122.20337"
"05/27/1994","AQS","060811001","1","29","ppb","27","Redwood City","24","100.0000","42602","Nitrogen dioxide (NO2)","41860","San Francisco-Oakland-Hayward, CA","06","California","081","San Mateo","37.482934","-122.20337"
"05/28/1994","AQS","060811001","1","27","ppb","25","Redwood City","24","100.0000","42602","Nitrogen dioxide (NO2)","41860","San Francisco-Oakland-Hayward, CA","06","California","081","San Mateo","37.482934","-122.20337"
"05/29/1994","AQS","060811001","1","32","ppb","30","Redwood City","24","100.0000","42602","Nitrogen dioxide (NO2)","41860","San Francisco-Oakland-Hayward, CA","06","California","081","San Mateo","37.482934","-122.20337"
"05/30/1994","AQS","060811001","1","28","ppb","26","Redwood City","24","100.0000","42602","Nitrogen dioxide (NO2)","41860","San Francisco-Oakland-Hayward, CA","06","California","081","San Mateo","37.482934","-122.20337"
"05/31/1994","AQS","060811001","1","13","ppb","12","Redwood City","24","100.0000","42602","Nitrogen dioxide (NO2)","41860","San Francisco-Oakland-Hayward, CA","06","California","081","San Mateo","37.482934","-122.20337"
"06/01/1994","AQS","060811001","1","29","ppb","27","Redwood City","23","96.0000","42602","Nitrogen dioxide (NO2)","41860","San Francisco-Oakland-Hayward, CA","06","California","081","San Mateo","37.482934","-122.20337"
"06/02/1994","AQS","060811001","1","28","ppb","26","Redwood City","23","96.0000","42602","Nitrogen dioxide (NO2)","41860","San Francisco-Oakland-Hayward, CA","06","California","081","San Mateo","37.482934","-122.20337"
"06/03/1994","AQS","060811001","1","29","ppb","27","Redwood City","24","100.0000","42602","Nitrogen dioxide (NO2)","41860","San Francisco-Oakland-Hayward, CA","06","California","081","San Mateo","37.482934","-122.20337"
"06/04/1994","AQS","060811001","1","13","ppb","12","Redwood City","24","100.0000","42602","Nitrogen dioxide (NO2)","41860","San Francisco-Oakland-Hayward, CA","06","California","081","San Mateo","37.482934","-122.20337"
"06/05/1994","AQS","060811001","1","6","ppb","6","Redwood City","24","100.0000","42602","Nitrogen dioxide (NO2)","41860","San Francisco-Oakland-Hayward, CA","06","California","081","San Mateo","37.482934","-122.20337"
"06/06/1994","AQS","060811001","1","20","ppb","19","Redwood City","24","100.0000","42602","Nitrogen dioxide (NO2)","41860","San Francisco-Oakland-Hayward, CA","06","California","081","San Mateo","37.482934","-122.20337"
"06/07/1994","AQS","060811001","1","25","ppb","24","Redwood City","23","96.0000","42602","Nitrogen dioxide (NO2)","41860","San Francisco-Oakland-Hayward, CA","06","California","081","San Mateo","37.482934","-122.20337"
"06/08/1994","AQS","060811001","1","32","ppb","30","Redwood City","24","100.0000","42602","Nitrogen dioxide (NO2)","41860","San Francisco-Oakland-Hayward, CA","06","California","081","San Mateo","37.482934","-122.20337"
"06/09/1994","AQS","060811001","1","45","ppb","42","Redwood City","24","100.0000","42602","Nitrogen dioxide (NO2)","41860","San Francisco-Oakland-Hayward, CA","06","California","081","San Mateo","37.482934","-122.20337"
"06/10/1994","AQS","060811001","1","81","ppb","80","Redwood City","24","100.0000","42602","Nitrogen dioxide (NO2)","41860","San Francisco-Oakland-Hayward, CA","06","California","081","San Mateo","37.482934","-122.20337"
"06/11/1994","AQS","060811001","1","28","ppb","26","Redwood City","24","100.0000","42602","Nitrogen dioxide (NO2)","41860","San Francisco-Oakland-Hayward, CA","06","California","081","San Mateo","37.482934","-122.20337"
"06/12/1994","AQS","060811001","1","20","ppb","19","Redwood City","24","100.0000","42602","Nitrogen dioxide (NO2)","41860","San Francisco-Oakland-Hayward, CA","06","California","081","San Mateo","37.482934","-122.20337"
"06/13/1994","AQS","060811001","1","15","ppb","14","Redwood City","24","100.0000","42602","Nitrogen dioxide (NO2)","41860","San Francisco-Oakland-Hayward, CA","06","California","081","San Mateo","37.482934","-122.20337"
"06/14/1994","AQS","060811001","1","32","ppb","30","Redwood City","24","100.0000","42602","Nitrogen dioxide (NO2)","41860","San Francisco-Oakland-Hayward, CA","06","California","081","San Mateo","37.482934","-122.20337"
"06/15/1994","AQS","060811001","1","17","ppb","16","Redwood City","23","96.0000","42602","Nitrogen dioxide (NO2)","41860","San Francisco-Oakland-Hayward, CA","06","California","081","San Mateo","37.482934","-122.20337"
"06/16/1994","AQS","060811001","1","18","ppb","17","Redwood City","24","100.0000","42602","Nitrogen dioxide (NO2)","41860","San Francisco-Oakland-Hayward, CA","06","California","081","San Mateo","37.482934","-122.20337"
"06/17/1994","AQS","060811001","1","21","ppb","20","Redwood City","24","100.0000","42602","Nitrogen dioxide (NO2)","41860","San Francisco-Oakland-Hayward, CA","06","California","081","San Mateo","37.482934","-122.20337"
"06/18/1994","AQS","060811001","1","32","ppb","30","Redwood City","24","100.0000","42602","Nitrogen dioxide (NO2)","41860","San Francisco-Oakland-Hayward, CA","06","California","081","San Mateo","37.482934","-122.20337"
"06/19/1994","AQS","060811001","1","29","ppb","27","Redwood City","24","100.0000","42602","Nitrogen dioxide (NO2)","41860","San Francisco-Oakland-Hayward, CA","06","California","081","San Mateo","37.482934","-122.20337"
"06/20/1994","AQS","060811001","1","23","ppb","22","Redwood City","24","100.0000","42602","Nitrogen dioxide (NO2)","41860","San Francisco-Oakland-Hayward, CA","06","California","081","San Mateo","37.482934","-122.20337"
"06/21/1994","AQS","060811001","1","34","ppb","32","Redwood City","22","92.0000","42602","Nitrogen dioxide (NO2)","41860","San Francisco-Oakland-Hayward, CA","06","California","081","San Mateo","37.482934","-122.20337"
"06/22/1994","AQS","060811001","1","24","ppb","23","Redwood City","23","96.0000","42602","Nitrogen dioxide (NO2)","41860","San Francisco-Oakland-Hayward, CA","06","California","081","San Mateo","37.482934","-122.20337"
"06/23/1994","AQS","060811001","1","28","ppb","26","Redwood City","24","100.0000","42602","Nitrogen dioxide (NO2)","41860","San Francisco-Oakland-Hayward, CA","06","California","081","San Mateo","37.482934","-122.20337"
"06/24/1994","AQS","060811001","1","26","ppb","25","Redwood City","24","100.0000","42602","Nitrogen dioxide (NO2)","41860","San Francisco-Oakland-Hayward, CA","06","California","081","San Mateo","37.482934","-122.20337"
"06/25/1994","AQS","060811001","1","27","ppb","25","Redwood City","24","100.0000","42602","Nitrogen dioxide (NO2)","41860","San Francisco-Oakland-Hayward, CA","06","California","081","San Mateo","37.482934","-122.20337"
"06/26/1994","AQS","060811001","1","34","ppb","32","Redwood City","24","100.0000","42602","Nitrogen dioxide (NO2)","41860","San Francisco-Oakland-Hayward, CA","06","California","081","San Mateo","37.482934","-122.20337"
"06/27/1994","AQS","060811001","1","36","ppb","34","Redwood City","24","100.0000","42602","Nitrogen dioxide (NO2)","41860","San Francisco-Oakland-Hayward, CA","06","California","081","San Mateo","37.482934","-122.20337"
"06/28/1994","AQS","060811001","1","30","ppb","28","Redwood City","23","96.0000","42602","Nitrogen dioxide (NO2)","41860","San Francisco-Oakland-Hayward, CA","06","California","081","San Mateo","37.482934","-122.20337"
"06/29/1994","AQS","060811001","1","30","ppb","28","Redwood City","24","100.0000","42602","Nitrogen dioxide (NO2)","41860","San Francisco-Oakland-Hayward, CA","06","California","081","San Mateo","37.482934","-122.20337"
"06/30/1994","AQS","060811001","1","27","ppb","25","Redwood City","24","100.0000","42602","Nitrogen dioxide (NO2)","41860","San Francisco-Oakland-Hayward, CA","06","California","081","San Mateo","37.482934","-122.20337"
"07/01/1994","AQS","060811001","1","21","ppb","20","Redwood City","24","100.0000","42602","Nitrogen dioxide (NO2)","41860","San Francisco-Oakland-Hayward, CA","06","California","081","San Mateo","37.482934","-122.20337"
"07/02/1994","AQS","060811001","1","18","ppb","17","Redwood City","24","100.0000","42602","Nitrogen dioxide (NO2)","41860","San Francisco-Oakland-Hayward, CA","06","California","081","San Mateo","37.482934","-122.20337"
"07/03/1994","AQS","060811001","1","21","ppb","20","Redwood City","24","100.0000","42602","Nitrogen dioxide (NO2)","41860","San Francisco-Oakland-Hayward, CA","06","California","081","San Mateo","37.482934","-122.20337"
"07/04/1994","AQS","060811001","1","21","ppb","20","Redwood City","24","100.0000","42602","Nitrogen dioxide (NO2)","41860","San Francisco-Oakland-Hayward, CA","06","California","081","San Mateo","37.482934","-122.20337"
"07/05/1994","AQS","060811001","1","22","ppb","21","Redwood City","24","100.0000","42602","Nitrogen dioxide (NO2)","41860","San Francisco-Oakland-Hayward, CA","06","California","081","San Mateo","37.482934","-122.20337"
"07/06/1994","AQS","060811001","1","32","ppb","30","Redwood City","23","96.0000","42602","Nitrogen dioxide (NO2)","41860","San Francisco-Oakland-Hayward, CA","06","California","081","San Mateo","37.482934","-122.20337"
"07/07/1994","AQS","060811001","1","25","ppb","24","Redwood City","23","96.0000","42602","Nitrogen dioxide (NO2)","41860","San Francisco-Oakland-Hayward, CA","06","California","081","San Mateo","37.482934","-122.20337"
"07/08/1994","AQS","060811001","1","22","ppb","21","Redwood City","24","100.0000","42602","Nitrogen dioxide (NO2)","41860","San Francisco-Oakland-Hayward, CA","06","California","081","San Mateo","37.482934","-122.20337"
"07/09/1994","AQS","060811001","1","21","ppb","20","Redwood City","24","100.0000","42602","Nitrogen dioxide (NO2)","41860","San Francisco-Oakland-Hayward, CA","06","California","081","San Mateo","37.482934","-122.20337"
"07/10/1994","AQS","060811001","1","18","ppb","17","Redwood City","24","100.0000","42602","Nitrogen dioxide (NO2)","41860","San Francisco-Oakland-Hayward, CA","06","California","081","San Mateo","37.482934","-122.20337"
"07/11/1994","AQS","060811001","1","22","ppb","21","Redwood City","24","100.0000","42602","Nitrogen dioxide (NO2)","41860","San Francisco-Oakland-Hayward, CA","06","California","081","San Mateo","37.482934","-122.20337"
"07/12/1994","AQS","060811001","1","24","ppb","23","Redwood City","23","96.0000","42602","Nitrogen dioxide (NO2)","41860","San Francisco-Oakland-Hayward, CA","06","California","081","San Mateo","37.482934","-122.20337"
"07/13/1994","AQS","060811001","1","30","ppb","28","Redwood City","24","100.0000","42602","Nitrogen dioxide (NO2)","41860","San Francisco-Oakland-Hayward, CA","06","California","081","San Mateo","37.482934","-122.20337"
"07/14/1994","AQS","060811001","1","30","ppb","28","Redwood City","24","100.0000","42602","Nitrogen dioxide (NO2)","41860","San Francisco-Oakland-Hayward, CA","06","California","081","San Mateo","37.482934","-122.20337"
"07/15/1994","AQS","060811001","1","23","ppb","22","Redwood City","24","100.0000","42602","Nitrogen dioxide (NO2)","41860","San Francisco-Oakland-Hayward, CA","06","California","081","San Mateo","37.482934","-122.20337"
"07/16/1994","AQS","060811001","1","23","ppb","22","Redwood City","24","100.0000","42602","Nitrogen dioxide (NO2)","41860","San Francisco-Oakland-Hayward, CA","06","California","081","San Mateo","37.482934","-122.20337"
"07/17/1994","AQS","060811001","1","29","ppb","27","Redwood City","24","100.0000","42602","Nitrogen dioxide (NO2)","41860","San Francisco-Oakland-Hayward, CA","06","California","081","San Mateo","37.482934","-122.20337"
"07/18/1994","AQS","060811001","1","26","ppb","25","Redwood City","24","100.0000","42602","Nitrogen dioxide (NO2)","41860","San Francisco-Oakland-Hayward, CA","06","California","081","San Mateo","37.482934","-122.20337"
"07/20/1994","AQS","060811001","1","20","ppb","19","Redwood City","24","100.0000","42602","Nitrogen dioxide (NO2)","41860","San Francisco-Oakland-Hayward, CA","06","California","081","San Mateo","37.482934","-122.20337"
"07/21/1994","AQS","060811001","1","20","ppb","19","Redwood City","24","100.0000","42602","Nitrogen dioxide (NO2)","41860","San Francisco-Oakland-Hayward, CA","06","California","081","San Mateo","37.482934","-122.20337"
"07/22/1994","AQS","060811001","1","18","ppb","17","Redwood City","24","100.0000","42602","Nitrogen dioxide (NO2)","41860","San Francisco-Oakland-Hayward, CA","06","California","081","San Mateo","37.482934","-122.20337"
"07/23/1994","AQS","060811001","1","12","ppb","11","Redwood City","24","100.0000","42602","Nitrogen dioxide (NO2)","41860","San Francisco-Oakland-Hayward, CA","06","California","081","San Mateo","37.482934","-122.20337"
"07/24/1994","AQS","060811001","1","23","ppb","22","Redwood City","24","100.0000","42602","Nitrogen dioxide (NO2)","41860","San Francisco-Oakland-Hayward, CA","06","California","081","San Mateo","37.482934","-122.20337"
"07/25/1994","AQS","060811001","1","31","ppb","29","Redwood City","24","100.0000","42602","Nitrogen dioxide (NO2)","41860","San Francisco-Oakland-Hayward, CA","06","California","081","San Mateo","37.482934","-122.20337"
"07/26/1994","AQS","060811001","1","26","ppb","25","Redwood City","24","100.0000","42602","Nitrogen dioxide (NO2)","41860","San Francisco-Oakland-Hayward, CA","06","California","081","San Mateo","37.482934","-122.20337"
"07/27/1994","AQS","060811001","1","26","ppb","25","Redwood City","23","96.0000","42602","Nitrogen dioxide (NO2)","41860","San Francisco-Oakland-Hayward, CA","06","California","081","San Mateo","37.482934","-122.20337"
"07/28/1994","AQS","060811001","1","27","ppb","25","Redwood City","23","96.0000","42602","Nitrogen dioxide (NO2)","41860","San Francisco-Oakland-Hayward, CA","06","California","081","San Mateo","37.482934","-122.20337"
"07/29/1994","AQS","060811001","1","21","ppb","20","Redwood City","24","100.0000","42602","Nitrogen dioxide (NO2)","41860","San Francisco-Oakland-Hayward, CA","06","California","081","San Mateo","37.482934","-122.20337"
"07/30/1994","AQS","060811001","1","16","ppb","15","Redwood City","24","100.0000","42602","Nitrogen dioxide (NO2)","41860","San Francisco-Oakland-Hayward, CA","06","California","081","San Mateo","37.482934","-122.20337"
"07/31/1994","AQS","060811001","1","11","ppb","10","Redwood City","24","100.0000","42602","Nitrogen dioxide (NO2)","41860","San Francisco-Oakland-Hayward, CA","06","California","081","San Mateo","37.482934","-122.20337"
"08/01/1994","AQS","060811001","1","15","ppb","14","Redwood City","24","100.0000","42602","Nitrogen dioxide (NO2)","41860","San Francisco-Oakland-Hayward, CA","06","California","081","San Mateo","37.482934","-122.20337"
"08/02/1994","AQS","060811001","1","16","ppb","15","Redwood City","23","96.0000","42602","Nitrogen dioxide (NO2)","41860","San Francisco-Oakland-Hayward, CA","06","California","081","San Mateo","37.482934","-122.20337"
"08/03/1994","AQS","060811001","1","13","ppb","12","Redwood City","24","100.0000","42602","Nitrogen dioxide (NO2)","41860","San Francisco-Oakland-Hayward, CA","06","California","081","San Mateo","37.482934","-122.20337"
"08/04/1994","AQS","060811001","1","16","ppb","15","Redwood City","24","100.0000","42602","Nitrogen dioxide (NO2)","41860","San Francisco-Oakland-Hayward, CA","06","California","081","San Mateo","37.482934","-122.20337"
"08/05/1994","AQS","060811001","1","28","ppb","26","Redwood City","24","100.0000","42602","Nitrogen dioxide (NO2)","41860","San Francisco-Oakland-Hayward, CA","06","California","081","San Mateo","37.482934","-122.20337"
"08/06/1994","AQS","060811001","1","36","ppb","34","Redwood City","24","100.0000","42602","Nitrogen dioxide (NO2)","41860","San Francisco-Oakland-Hayward, CA","06","California","081","San Mateo","37.482934","-122.20337"
"08/07/1994","AQS","060811001","1","28","ppb","26","Redwood City","24","100.0000","42602","Nitrogen dioxide (NO2)","41860","San Francisco-Oakland-Hayward, CA","06","California","081","San Mateo","37.482934","-122.20337"
"08/08/1994","AQS","060811001","1","21","ppb","20","Redwood City","23","96.0000","42602","Nitrogen dioxide (NO2)","41860","San Francisco-Oakland-Hayward, CA","06","California","081","San Mateo","37.482934","-122.20337"
"08/09/1994","AQS","060811001","1","24","ppb","23","Redwood City","24","100.0000","42602","Nitrogen dioxide (NO2)","41860","San Francisco-Oakland-Hayward, CA","06","California","081","San Mateo","37.482934","-122.20337"
"08/10/1994","AQS","060811001","1","23","ppb","22","Redwood City","24","100.0000","42602","Nitrogen dioxide (NO2)","41860","San Francisco-Oakland-Hayward, CA","06","California","081","San Mateo","37.482934","-122.20337"
"08/11/1994","AQS","060811001","1","28","ppb","26","Redwood City","24","100.0000","42602","Nitrogen dioxide (NO2)","41860","San Francisco-Oakland-Hayward, CA","06","California","081","San Mateo","37.482934","-122.20337"
"08/12/1994","AQS","060811001","1","30","ppb","28","Redwood City","24","100.0000","42602","Nitrogen dioxide (NO2)","41860","San Francisco-Oakland-Hayward, CA","06","California","081","San Mateo","37.482934","-122.20337"
"08/13/1994","AQS","060811001","1","33","ppb","31","Redwood City","24","100.0000","42602","Nitrogen dioxide (NO2)","41860","San Francisco-Oakland-Hayward, CA","06","California","081","San Mateo","37.482934","-122.20337"
"08/14/1994","AQS","060811001","1","32","ppb","30","Redwood City","24","100.0000","42602","Nitrogen dioxide (NO2)","41860","San Francisco-Oakland-Hayward, CA","06","California","081","San Mateo","37.482934","-122.20337"
"08/15/1994","AQS","060811001","1","36","ppb","34","Redwood City","24","100.0000","42602","Nitrogen dioxide (NO2)","41860","San Francisco-Oakland-Hayward, CA","06","California","081","San Mateo","37.482934","-122.20337"
"08/16/1994","AQS","060811001","1","39","ppb","37","Redwood City","24","100.0000","42602","Nitrogen dioxide (NO2)","41860","San Francisco-Oakland-Hayward, CA","06","California","081","San Mateo","37.482934","-122.20337"
"08/17/1994","AQS","060811001","1","24","ppb","23","Redwood City","22","92.0000","42602","Nitrogen dioxide (NO2)","41860","San Francisco-Oakland-Hayward, CA","06","California","081","San Mateo","37.482934","-122.20337"
"08/18/1994","AQS","060811001","1","33","ppb","31","Redwood City","24","100.0000","42602","Nitrogen dioxide (NO2)","41860","San Francisco-Oakland-Hayward, CA","06","California","081","San Mateo","37.482934","-122.20337"
"08/19/1994","AQS","060811001","1","26","ppb","25","Redwood City","24","100.0000","42602","Nitrogen dioxide (NO2)","41860","San Francisco-Oakland-Hayward, CA","06","California","081","San Mateo","37.482934","-122.20337"
"08/20/1994","AQS","060811001","1","24","ppb","23","Redwood City","24","100.0000","42602","Nitrogen dioxide (NO2)","41860","San Francisco-Oakland-Hayward, CA","06","California","081","San Mateo","37.482934","-122.20337"
"08/21/1994","AQS","060811001","1","21","ppb","20","Redwood City","24","100.0000","42602","Nitrogen dioxide (NO2)","41860","San Francisco-Oakland-Hayward, CA","06","California","081","San Mateo","37.482934","-122.20337"
"08/22/1994","AQS","060811001","1","29","ppb","27","Redwood City","22","92.0000","42602","Nitrogen dioxide (NO2)","41860","San Francisco-Oakland-Hayward, CA","06","California","081","San Mateo","37.482934","-122.20337"
"08/23/1994","AQS","060811001","1","20","ppb","19","Redwood City","23","96.0000","42602","Nitrogen dioxide (NO2)","41860","San Francisco-Oakland-Hayward, CA","06","California","081","San Mateo","37.482934","-122.20337"
"08/24/1994","AQS","060811001","1","29","ppb","27","Redwood City","24","100.0000","42602","Nitrogen dioxide (NO2)","41860","San Francisco-Oakland-Hayward, CA","06","California","081","San Mateo","37.482934","-122.20337"
"08/25/1994","AQS","060811001","1","28","ppb","26","Redwood City","24","100.0000","42602","Nitrogen dioxide (NO2)","41860","San Francisco-Oakland-Hayward, CA","06","California","081","San Mateo","37.482934","-122.20337"
"08/26/1994","AQS","060811001","1","34","ppb","32","Redwood City","24","100.0000","42602","Nitrogen dioxide (NO2)","41860","San Francisco-Oakland-Hayward, CA","06","California","081","San Mateo","37.482934","-122.20337"
"08/27/1994","AQS","060811001","1","32","ppb","30","Redwood City","24","100.0000","42602","Nitrogen dioxide (NO2)","41860","San Francisco-Oakland-Hayward, CA","06","California","081","San Mateo","37.482934","-122.20337"
"08/28/1994","AQS","060811001","1","19","ppb","18","Redwood City","24","100.0000","42602","Nitrogen dioxide (NO2)","41860","San Francisco-Oakland-Hayward, CA","06","California","081","San Mateo","37.482934","-122.20337"
"08/29/1994","AQS","060811001","1","31","ppb","29","Redwood City","24","100.0000","42602","Nitrogen dioxide (NO2)","41860","San Francisco-Oakland-Hayward, CA","06","California","081","San Mateo","37.482934","-122.20337"
"08/30/1994","AQS","060811001","1","22","ppb","21","Redwood City","21","88.0000","42602","Nitrogen dioxide (NO2)","41860","San Francisco-Oakland-Hayward, CA","06","California","081","San Mateo","37.482934","-122.20337"
"08/31/1994","AQS","060811001","1","36","ppb","34","Redwood City","20","83.0000","42602","Nitrogen dioxide (NO2)","41860","San Francisco-Oakland-Hayward, CA","06","California","081","San Mateo","37.482934","-122.20337"
"09/02/1994","AQS","060811001","1","24","ppb","23","Redwood City","21","88.0000","42602","Nitrogen dioxide (NO2)","41860","San Francisco-Oakland-Hayward, CA","06","California","081","San Mateo","37.482934","-122.20337"
"09/03/1994","AQS","060811001","1","21","ppb","20","Redwood City","24","100.0000","42602","Nitrogen dioxide (NO2)","41860","San Francisco-Oakland-Hayward, CA","06","California","081","San Mateo","37.482934","-122.20337"
"09/04/1994","AQS","060811001","1","25","ppb","24","Redwood City","24","100.0000","42602","Nitrogen dioxide (NO2)","41860","San Francisco-Oakland-Hayward, CA","06","California","081","San Mateo","37.482934","-122.20337"
"09/05/1994","AQS","060811001","1","25","ppb","24","Redwood City","24","100.0000","42602","Nitrogen dioxide (NO2)","41860","San Francisco-Oakland-Hayward, CA","06","California","081","San Mateo","37.482934","-122.20337"
"09/06/1994","AQS","060811001","1","33","ppb","31","Redwood City","24","100.0000","42602","Nitrogen dioxide (NO2)","41860","San Francisco-Oakland-Hayward, CA","06","California","081","San Mateo","37.482934","-122.20337"
"09/17/1994","AQS","060811001","1","25","ppb","24","Redwood City","24","100.0000","42602","Nitrogen dioxide (NO2)","41860","San Francisco-Oakland-Hayward, CA","06","California","081","San Mateo","37.482934","-122.20337"
"09/18/1994","AQS","060811001","1","27","ppb","25","Redwood City","24","100.0000","42602","Nitrogen dioxide (NO2)","41860","San Francisco-Oakland-Hayward, CA","06","California","081","San Mateo","37.482934","-122.20337"
"09/19/1994","AQS","060811001","1","29","ppb","27","Redwood City","21","88.0000","42602","Nitrogen dioxide (NO2)","41860","San Francisco-Oakland-Hayward, CA","06","California","081","San Mateo","37.482934","-122.20337"
"09/20/1994","AQS","060811001","1","33","ppb","31","Redwood City","24","100.0000","42602","Nitrogen dioxide (NO2)","41860","San Francisco-Oakland-Hayward, CA","06","California","081","San Mateo","37.482934","-122.20337"
"09/21/1994","AQS","060811001","1","25","ppb","24","Redwood City","24","100.0000","42602","Nitrogen dioxide (NO2)","41860","San Francisco-Oakland-Hayward, CA","06","California","081","San Mateo","37.482934","-122.20337"
"09/22/1994","AQS","060811001","1","20","ppb","19","Redwood City","24","100.0000","42602","Nitrogen dioxide (NO2)","41860","San Francisco-Oakland-Hayward, CA","06","California","081","San Mateo","37.482934","-122.20337"
"09/23/1994","AQS","060811001","1","68","ppb","66","Redwood City","23","96.0000","42602","Nitrogen dioxide (NO2)","41860","San Francisco-Oakland-Hayward, CA","06","California","081","San Mateo","37.482934","-122.20337"
"09/24/1994","AQS","060811001","1","36","ppb","34","Redwood City","24","100.0000","42602","Nitrogen dioxide (NO2)","41860","San Francisco-Oakland-Hayward, CA","06","California","081","San Mateo","37.482934","-122.20337"
"09/25/1994","AQS","060811001","1","55","ppb","52","Redwood City","24","100.0000","42602","Nitrogen dioxide (NO2)","41860","San Francisco-Oakland-Hayward, CA","06","California","081","San Mateo","37.482934","-122.20337"
"09/26/1994","AQS","060811001","1","44","ppb","42","Redwood City","24","100.0000","42602","Nitrogen dioxide (NO2)","41860","San Francisco-Oakland-Hayward, CA","06","California","081","San Mateo","37.482934","-122.20337"
"09/27/1994","AQS","060811001","1","59","ppb","56","Redwood City","24","100.0000","42602","Nitrogen dioxide (NO2)","41860","San Francisco-Oakland-Hayward, CA","06","California","081","San Mateo","37.482934","-122.20337"
"09/29/1994","AQS","060811001","1","24","ppb","23","Redwood City","24","100.0000","42602","Nitrogen dioxide (NO2)","41860","San Francisco-Oakland-Hayward, CA","06","California","081","San Mateo","37.482934","-122.20337"
"09/30/1994","AQS","060811001","1","32","ppb","30","Redwood City","24","100.0000","42602","Nitrogen dioxide (NO2)","41860","San Francisco-Oakland-Hayward, CA","06","California","081","San Mateo","37.482934","-122.20337"
"10/01/1994","AQS","060811001","1","38","ppb","36","Redwood City","24","100.0000","42602","Nitrogen dioxide (NO2)","41860","San Francisco-Oakland-Hayward, CA","06","California","081","San Mateo","37.482934","-122.20337"
"10/02/1994","AQS","060811001","1","31","ppb","29","Redwood City","24","100.0000","42602","Nitrogen dioxide (NO2)","41860","San Francisco-Oakland-Hayward, CA","06","California","081","San Mateo","37.482934","-122.20337"
"10/03/1994","AQS","060811001","1","27","ppb","25","Redwood City","24","100.0000","42602","Nitrogen dioxide (NO2)","41860","San Francisco-Oakland-Hayward, CA","06","California","081","San Mateo","37.482934","-122.20337"
"10/04/1994","AQS","060811001","1","37","ppb","35","Redwood City","23","96.0000","42602","Nitrogen dioxide (NO2)","41860","San Francisco-Oakland-Hayward, CA","06","California","081","San Mateo","37.482934","-122.20337"
"10/05/1994","AQS","060811001","1","40","ppb","38","Redwood City","24","100.0000","42602","Nitrogen dioxide (NO2)","41860","San Francisco-Oakland-Hayward, CA","06","California","081","San Mateo","37.482934","-122.20337"
"10/06/1994","AQS","060811001","1","57","ppb","54","Redwood City","24","100.0000","42602","Nitrogen dioxide (NO2)","41860","San Francisco-Oakland-Hayward, CA","06","California","081","San Mateo","37.482934","-122.20337"
"10/07/1994","AQS","060811001","1","77","ppb","76","Redwood City","24","100.0000","42602","Nitrogen dioxide (NO2)","41860","San Francisco-Oakland-Hayward, CA","06","California","081","San Mateo","37.482934","-122.20337"
"10/08/1994","AQS","060811001","1","106","ppb","102","Redwood City","24","100.0000","42602","Nitrogen dioxide (NO2)","41860","San Francisco-Oakland-Hayward, CA","06","California","081","San Mateo","37.482934","-122.20337"
"10/09/1994","AQS","060811001","1","96","ppb","96","Redwood City","24","100.0000","42602","Nitrogen dioxide (NO2)","41860","San Francisco-Oakland-Hayward, CA","06","California","081","San Mateo","37.482934","-122.20337"
"10/10/1994","AQS","060811001","1","62","ppb","60","Redwood City","24","100.0000","42602","Nitrogen dioxide (NO2)","41860","San Francisco-Oakland-Hayward, CA","06","California","081","San Mateo","37.482934","-122.20337"
"10/11/1994","AQS","060811001","1","38","ppb","36","Redwood City","24","100.0000","42602","Nitrogen dioxide (NO2)","41860","San Francisco-Oakland-Hayward, CA","06","California","081","San Mateo","37.482934","-122.20337"
"10/12/1994","AQS","060811001","1","35","ppb","33","Redwood City","23","96.0000","42602","Nitrogen dioxide (NO2)","41860","San Francisco-Oakland-Hayward, CA","06","California","081","San Mateo","37.482934","-122.20337"
"10/13/1994","AQS","060811001","1","34","ppb","32","Redwood City","23","96.0000","42602","Nitrogen dioxide (NO2)","41860","San Francisco-Oakland-Hayward, CA","06","California","081","San Mateo","37.482934","-122.20337"
"10/14/1994","AQS","060811001","1","39","ppb","37","Redwood City","24","100.0000","42602","Nitrogen dioxide (NO2)","41860","San Francisco-Oakland-Hayward, CA","06","California","081","San Mateo","37.482934","-122.20337"
"10/15/1994","AQS","060811001","1","36","ppb","34","Redwood City","24","100.0000","42602","Nitrogen dioxide (NO2)","41860","San Francisco-Oakland-Hayward, CA","06","California","081","San Mateo","37.482934","-122.20337"
"10/16/1994","AQS","060811001","1","39","ppb","37","Redwood City","24","100.0000","42602","Nitrogen dioxide (NO2)","41860","San Francisco-Oakland-Hayward, CA","06","California","081","San Mateo","37.482934","-122.20337"
"10/17/1994","AQS","060811001","1","60","ppb","57","Redwood City","24","100.0000","42602","Nitrogen dioxide (NO2)","41860","San Francisco-Oakland-Hayward, CA","06","California","081","San Mateo","37.482934","-122.20337"
"10/18/1994","AQS","060811001","1","65","ppb","63","Redwood City","24","100.0000","42602","Nitrogen dioxide (NO2)","41860","San Francisco-Oakland-Hayward, CA","06","California","081","San Mateo","37.482934","-122.20337"
"10/19/1994","AQS","060811001","1","39","ppb","37","Redwood City","23","96.0000","42602","Nitrogen dioxide (NO2)","41860","San Francisco-Oakland-Hayward, CA","06","California","081","San Mateo","37.482934","-122.20337"
"10/20/1994","AQS","060811001","1","51","ppb","48","Redwood City","23","96.0000","42602","Nitrogen dioxide (NO2)","41860","San Francisco-Oakland-Hayward, CA","06","California","081","San Mateo","37.482934","-122.20337"
"10/21/1994","AQS","060811001","1","77","ppb","76","Redwood City","24","100.0000","42602","Nitrogen dioxide (NO2)","41860","San Francisco-Oakland-Hayward, CA","06","California","081","San Mateo","37.482934","-122.20337"
"10/22/1994","AQS","060811001","1","79","ppb","78","Redwood City","24","100.0000","42602","Nitrogen dioxide (NO2)","41860","San Francisco-Oakland-Hayward, CA","06","California","081","San Mateo","37.482934","-122.20337"
"10/23/1994","AQS","060811001","1","56","ppb","53","Redwood City","24","100.0000","42602","Nitrogen dioxide (NO2)","41860","San Francisco-Oakland-Hayward, CA","06","California","081","San Mateo","37.482934","-122.20337"
"10/24/1994","AQS","060811001","1","42","ppb","40","Redwood City","24","100.0000","42602","Nitrogen dioxide (NO2)","41860","San Francisco-Oakland-Hayward, CA","06","California","081","San Mateo","37.482934","-122.20337"
"10/25/1994","AQS","060811001","1","32","ppb","30","Redwood City","24","100.0000","42602","Nitrogen dioxide (NO2)","41860","San Francisco-Oakland-Hayward, CA","06","California","081","San Mateo","37.482934","-122.20337"
"10/26/1994","AQS","060811001","1","34","ppb","32","Redwood City","23","96.0000","42602","Nitrogen dioxide (NO2)","41860","San Francisco-Oakland-Hayward, CA","06","California","081","San Mateo","37.482934","-122.20337"
"10/27/1994","AQS","060811001","1","30","ppb","28","Redwood City","24","100.0000","42602","Nitrogen dioxide (NO2)","41860","San Francisco-Oakland-Hayward, CA","06","California","081","San Mateo","37.482934","-122.20337"
"10/28/1994","AQS","060811001","1","35","ppb","33","Redwood City","24","100.0000","42602","Nitrogen dioxide (NO2)","41860","San Francisco-Oakland-Hayward, CA","06","California","081","San Mateo","37.482934","-122.20337"
"10/29/1994","AQS","060811001","1","35","ppb","33","Redwood City","24","100.0000","42602","Nitrogen dioxide (NO2)","41860","San Francisco-Oakland-Hayward, CA","06","California","081","San Mateo","37.482934","-122.20337"
"10/30/1994","AQS","060811001","1","45","ppb","42","Redwood City","24","100.0000","42602","Nitrogen dioxide (NO2)","41860","San Francisco-Oakland-Hayward, CA","06","California","081","San Mateo","37.482934","-122.20337"
"10/31/1994","AQS","060811001","1","58","ppb","55","Redwood City","24","100.0000","42602","Nitrogen dioxide (NO2)","41860","San Francisco-Oakland-Hayward, CA","06","California","081","San Mateo","37.482934","-122.20337"
"11/01/1994","AQS","060811001","1","38","ppb","36","Redwood City","24","100.0000","42602","Nitrogen dioxide (NO2)","41860","San Francisco-Oakland-Hayward, CA","06","California","081","San Mateo","37.482934","-122.20337"
"11/02/1994","AQS","060811001","1","33","ppb","31","Redwood City","23","96.0000","42602","Nitrogen dioxide (NO2)","41860","San Francisco-Oakland-Hayward, CA","06","California","081","San Mateo","37.482934","-122.20337"
"11/03/1994","AQS","060811001","1","46","ppb","43","Redwood City","23","96.0000","42602","Nitrogen dioxide (NO2)","41860","San Francisco-Oakland-Hayward, CA","06","California","081","San Mateo","37.482934","-122.20337"
"11/04/1994","AQS","060811001","1","42","ppb","40","Redwood City","24","100.0000","42602","Nitrogen dioxide (NO2)","41860","San Francisco-Oakland-Hayward, CA","06","California","081","San Mateo","37.482934","-122.20337"
"11/05/1994","AQS","060811001","1","17","ppb","16","Redwood City","24","100.0000","42602","Nitrogen dioxide (NO2)","41860","San Francisco-Oakland-Hayward, CA","06","California","081","San Mateo","37.482934","-122.20337"
"11/06/1994","AQS","060811001","1","35","ppb","33","Redwood City","24","100.0000","42602","Nitrogen dioxide (NO2)","41860","San Francisco-Oakland-Hayward, CA","06","California","081","San Mateo","37.482934","-122.20337"
"11/07/1994","AQS","060811001","1","35","ppb","33","Redwood City","24","100.0000","42602","Nitrogen dioxide (NO2)","41860","San Francisco-Oakland-Hayward, CA","06","California","081","San Mateo","37.482934","-122.20337"
"11/08/1994","AQS","060811001","1","38","ppb","36","Redwood City","23","96.0000","42602","Nitrogen dioxide (NO2)","41860","San Francisco-Oakland-Hayward, CA","06","California","081","San Mateo","37.482934","-122.20337"
"11/09/1994","AQS","060811001","1","43","ppb","41","Redwood City","24","100.0000","42602","Nitrogen dioxide (NO2)","41860","San Francisco-Oakland-Hayward, CA","06","California","081","San Mateo","37.482934","-122.20337"
"11/10/1994","AQS","060811001","1","39","ppb","37","Redwood City","24","100.0000","42602","Nitrogen dioxide (NO2)","41860","San Francisco-Oakland-Hayward, CA","06","California","081","San Mateo","37.482934","-122.20337"
"11/11/1994","AQS","060811001","1","39","ppb","37","Redwood City","24","100.0000","42602","Nitrogen dioxide (NO2)","41860","San Francisco-Oakland-Hayward, CA","06","California","081","San Mateo","37.482934","-122.20337"
"11/12/1994","AQS","060811001","1","36","ppb","34","Redwood City","24","100.0000","42602","Nitrogen dioxide (NO2)","41860","San Francisco-Oakland-Hayward, CA","06","California","081","San Mateo","37.482934","-122.20337"
"11/13/1994","AQS","060811001","1","40","ppb","38","Redwood City","24","100.0000","42602","Nitrogen dioxide (NO2)","41860","San Francisco-Oakland-Hayward, CA","06","California","081","San Mateo","37.482934","-122.20337"
"11/14/1994","AQS","060811001","1","51","ppb","48","Redwood City","24","100.0000","42602","Nitrogen dioxide (NO2)","41860","San Francisco-Oakland-Hayward, CA","06","California","081","San Mateo","37.482934","-122.20337"
"11/15/1994","AQS","060811001","1","36","ppb","34","Redwood City","23","96.0000","42602","Nitrogen dioxide (NO2)","41860","San Francisco-Oakland-Hayward, CA","06","California","081","San Mateo","37.482934","-122.20337"
"11/16/1994","AQS","060811001","1","36","ppb","34","Redwood City","24","100.0000","42602","Nitrogen dioxide (NO2)","41860","San Francisco-Oakland-Hayward, CA","06","California","081","San Mateo","37.482934","-122.20337"
"11/17/1994","AQS","060811001","1","26","ppb","25","Redwood City","24","100.0000","42602","Nitrogen dioxide (NO2)","41860","San Francisco-Oakland-Hayward, CA","06","California","081","San Mateo","37.482934","-122.20337"
"11/18/1994","AQS","060811001","1","42","ppb","40","Redwood City","24","100.0000","42602","Nitrogen dioxide (NO2)","41860","San Francisco-Oakland-Hayward, CA","06","California","081","San Mateo","37.482934","-122.20337"
"11/19/1994","AQS","060811001","1","45","ppb","42","Redwood City","24","100.0000","42602","Nitrogen dioxide (NO2)","41860","San Francisco-Oakland-Hayward, CA","06","California","081","San Mateo","37.482934","-122.20337"
"11/20/1994","AQS","060811001","1","44","ppb","42","Redwood City","24","100.0000","42602","Nitrogen dioxide (NO2)","41860","San Francisco-Oakland-Hayward, CA","06","California","081","San Mateo","37.482934","-122.20337"
"11/21/1994","AQS","060811001","1","46","ppb","43","Redwood City","24","100.0000","42602","Nitrogen dioxide (NO2)","41860","San Francisco-Oakland-Hayward, CA","06","California","081","San Mateo","37.482934","-122.20337"
"11/22/1994","AQS","060811001","1","47","ppb","44","Redwood City","23","96.0000","42602","Nitrogen dioxide (NO2)","41860","San Francisco-Oakland-Hayward, CA","06","California","081","San Mateo","37.482934","-122.20337"
"11/23/1994","AQS","060811001","1","60","ppb","57","Redwood City","23","96.0000","42602","Nitrogen dioxide (NO2)","41860","San Francisco-Oakland-Hayward, CA","06","California","081","San Mateo","37.482934","-122.20337"
"11/24/1994","AQS","060811001","1","72","ppb","70","Redwood City","24","100.0000","42602","Nitrogen dioxide (NO2)","41860","San Francisco-Oakland-Hayward, CA","06","California","081","San Mateo","37.482934","-122.20337"
"11/25/1994","AQS","060811001","1","30","ppb","28","Redwood City","24","100.0000","42602","Nitrogen dioxide (NO2)","41860","San Francisco-Oakland-Hayward, CA","06","California","081","San Mateo","37.482934","-122.20337"
"11/26/1994","AQS","060811001","1","34","ppb","32","Redwood City","24","100.0000","42602","Nitrogen dioxide (NO2)","41860","San Francisco-Oakland-Hayward, CA","06","California","081","San Mateo","37.482934","-122.20337"
"11/27/1994","AQS","060811001","1","34","ppb","32","Redwood City","24","100.0000","42602","Nitrogen dioxide (NO2)","41860","San Francisco-Oakland-Hayward, CA","06","California","081","San Mateo","37.482934","-122.20337"
"11/28/1994","AQS","060811001","1","36","ppb","34","Redwood City","24","100.0000","42602","Nitrogen dioxide (NO2)","41860","San Francisco-Oakland-Hayward, CA","06","California","081","San Mateo","37.482934","-122.20337"
"11/29/1994","AQS","060811001","1","52","ppb","49","Redwood City","23","96.0000","42602","Nitrogen dioxide (NO2)","41860","San Francisco-Oakland-Hayward, CA","06","California","081","San Mateo","37.482934","-122.20337"
"11/30/1994","AQS","060811001","1","58","ppb","55","Redwood City","24","100.0000","42602","Nitrogen dioxide (NO2)","41860","San Francisco-Oakland-Hayward, CA","06","California","081","San Mateo","37.482934","-122.20337"
"12/01/1994","AQS","060811001","1","78","ppb","77","Redwood City","24","100.0000","42602","Nitrogen dioxide (NO2)","41860","San Francisco-Oakland-Hayward, CA","06","California","081","San Mateo","37.482934","-122.20337"
"12/02/1994","AQS","060811001","1","41","ppb","39","Redwood City","24","100.0000","42602","Nitrogen dioxide (NO2)","41860","San Francisco-Oakland-Hayward, CA","06","California","081","San Mateo","37.482934","-122.20337"
"12/03/1994","AQS","060811001","1","35","ppb","33","Redwood City","24","100.0000","42602","Nitrogen dioxide (NO2)","41860","San Francisco-Oakland-Hayward, CA","06","California","081","San Mateo","37.482934","-122.20337"
"12/04/1994","AQS","060811001","1","25","ppb","24","Redwood City","24","100.0000","42602","Nitrogen dioxide (NO2)","41860","San Francisco-Oakland-Hayward, CA","06","California","081","San Mateo","37.482934","-122.20337"
"12/05/1994","AQS","060811001","1","40","ppb","38","Redwood City","24","100.0000","42602","Nitrogen dioxide (NO2)","41860","San Francisco-Oakland-Hayward, CA","06","California","081","San Mateo","37.482934","-122.20337"
"12/06/1994","AQS","060811001","1","39","ppb","37","Redwood City","23","96.0000","42602","Nitrogen dioxide (NO2)","41860","San Francisco-Oakland-Hayward, CA","06","California","081","San Mateo","37.482934","-122.20337"
"12/07/1994","AQS","060811001","1","47","ppb","44","Redwood City","24","100.0000","42602","Nitrogen dioxide (NO2)","41860","San Francisco-Oakland-Hayward, CA","06","California","081","San Mateo","37.482934","-122.20337"
"12/08/1994","AQS","060811001","1","43","ppb","41","Redwood City","24","100.0000","42602","Nitrogen dioxide (NO2)","41860","San Francisco-Oakland-Hayward, CA","06","California","081","San Mateo","37.482934","-122.20337"
"12/09/1994","AQS","060811001","1","50","ppb","47","Redwood City","23","96.0000","42602","Nitrogen dioxide (NO2)","41860","San Francisco-Oakland-Hayward, CA","06","California","081","San Mateo","37.482934","-122.20337"
"12/10/1994","AQS","060811001","1","51","ppb","48","Redwood City","24","100.0000","42602","Nitrogen dioxide (NO2)","41860","San Francisco-Oakland-Hayward, CA","06","California","081","San Mateo","37.482934","-122.20337"
"12/11/1994","AQS","060811001","1","33","ppb","31","Redwood City","24","100.0000","42602","Nitrogen dioxide (NO2)","41860","San Francisco-Oakland-Hayward, CA","06","California","081","San Mateo","37.482934","-122.20337"
"12/12/1994","AQS","060811001","1","35","ppb","33","Redwood City","24","100.0000","42602","Nitrogen dioxide (NO2)","41860","San Francisco-Oakland-Hayward, CA","06","California","081","San Mateo","37.482934","-122.20337"
"12/13/1994","AQS","060811001","1","40","ppb","38","Redwood City","24","100.0000","42602","Nitrogen dioxide (NO2)","41860","San Francisco-Oakland-Hayward, CA","06","California","081","San Mateo","37.482934","-122.20337"
"12/14/1994","AQS","060811001","1","30","ppb","28","Redwood City","23","96.0000","42602","Nitrogen dioxide (NO2)","41860","San Francisco-Oakland-Hayward, CA","06","California","081","San Mateo","37.482934","-122.20337"
"12/15/1994","AQS","060811001","1","37","ppb","35","Redwood City","24","100.0000","42602","Nitrogen dioxide (NO2)","41860","San Francisco-Oakland-Hayward, CA","06","California","081","San Mateo","37.482934","-122.20337"
"12/16/1994","AQS","060811001","1","66","ppb","64","Redwood City","24","100.0000","42602","Nitrogen dioxide (NO2)","41860","San Francisco-Oakland-Hayward, CA","06","California","081","San Mateo","37.482934","-122.20337"
"12/17/1994","AQS","060811001","1","29","ppb","27","Redwood City","24","100.0000","42602","Nitrogen dioxide (NO2)","41860","San Francisco-Oakland-Hayward, CA","06","California","081","San Mateo","37.482934","-122.20337"
"12/18/1994","AQS","060811001","1","43","ppb","41","Redwood City","24","100.0000","42602","Nitrogen dioxide (NO2)","41860","San Francisco-Oakland-Hayward, CA","06","California","081","San Mateo","37.482934","-122.20337"
"12/19/1994","AQS","060811001","1","38","ppb","36","Redwood City","24","100.0000","42602","Nitrogen dioxide (NO2)","41860","San Francisco-Oakland-Hayward, CA","06","California","081","San Mateo","37.482934","-122.20337"
"12/20/1994","AQS","060811001","1","34","ppb","32","Redwood City","24","100.0000","42602","Nitrogen dioxide (NO2)","41860","San Francisco-Oakland-Hayward, CA","06","California","081","San Mateo","37.482934","-122.20337"
"12/21/1994","AQS","060811001","1","36","ppb","34","Redwood City","18","75.0000","42602","Nitrogen dioxide (NO2)","41860","San Francisco-Oakland-Hayward, CA","06","California","081","San Mateo","37.482934","-122.20337"
"12/22/1994","AQS","060811001","1","47","ppb","44","Redwood City","24","100.0000","42602","Nitrogen dioxide (NO2)","41860","San Francisco-Oakland-Hayward, CA","06","California","081","San Mateo","37.482934","-122.20337"
"12/23/1994","AQS","060811001","1","44","ppb","42","Redwood City","23","96.0000","42602","Nitrogen dioxide (NO2)","41860","San Francisco-Oakland-Hayward, CA","06","California","081","San Mateo","37.482934","-122.20337"
"12/24/1994","AQS","060811001","1","36","ppb","34","Redwood City","24","100.0000","42602","Nitrogen dioxide (NO2)","41860","San Francisco-Oakland-Hayward, CA","06","California","081","San Mateo","37.482934","-122.20337"
"12/25/1994","AQS","060811001","1","34","ppb","32","Redwood City","24","100.0000","42602","Nitrogen dioxide (NO2)","41860","San Francisco-Oakland-Hayward, CA","06","California","081","San Mateo","37.482934","-122.20337"
"12/26/1994","AQS","060811001","1","46","ppb","43","Redwood City","24","100.0000","42602","Nitrogen dioxide (NO2)","41860","San Francisco-Oakland-Hayward, CA","06","California","081","San Mateo","37.482934","-122.20337"
"12/27/1994","AQS","060811001","1","63","ppb","61","Redwood City","24","100.0000","42602","Nitrogen dioxide (NO2)","41860","San Francisco-Oakland-Hayward, CA","06","California","081","San Mateo","37.482934","-122.20337"
"12/28/1994","AQS","060811001","1","46","ppb","43","Redwood City","23","96.0000","42602","Nitrogen dioxide (NO2)","41860","San Francisco-Oakland-Hayward, CA","06","California","081","San Mateo","37.482934","-122.20337"
"12/29/1994","AQS","060811001","1","46","ppb","43","Redwood City","24","100.0000","42602","Nitrogen dioxide (NO2)","41860","San Francisco-Oakland-Hayward, CA","06","California","081","San Mateo","37.482934","-122.20337"
"12/30/1994","AQS","060811001","1","46","ppb","43","Redwood City","24","100.0000","42602","Nitrogen dioxide (NO2)","41860","San Francisco-Oakland-Hayward, CA","06","California","081","San Mateo","37.482934","-122.20337"
"12/31/1994","AQS","060811001","1","39","ppb","37","Redwood City","24","100.0000","42602","Nitrogen dioxide (NO2)","41860","San Francisco-Oakland-Hayward, CA","06","California","081","San Mateo","37.482934","-122.20337"
